Tipo,X,Y
Calculada,-0.9,-0.9
Calculada,-0.7000000000000001,-0.7000000000000001
Calculada,-0.5,-0.7000000000000001
Calculada,-0.29999999999999993,-0.7000000000000001
Calculada,-0.09999999999999995,-0.7000000000000001
Calculada,0.1,-0.7000000000000001
Calculada,0.30000000000000016,-0.7000000000000001
Calculada,0.5000000000000001,-0.7000000000000001
Calculada,0.7000000000000001,-0.5
Calculada,0.7000000000000001,-0.29999999999999993
Calculada,0.7000000000000001,-0.09999999999999995
Calculada,0.7000000000000001,0.1
Calculada,0.7000000000000001,0.30000000000000016
Calculada,0.7000000000000001,0.5000000000000001
Calculada,0.7000000000000001,0.7000000000000001
Calculada,0.9,0.9
Ejecutada,-0.82,-0.82
Ejecutada,-0.82,-0.82
Ejecutada,-0.82,-0.82
Ejecutada,-0.8117606399999999,-0.82
Ejecutada,-0.8035212799999999,-0.82
Ejecutada,-0.7954106599999999,-0.82
Ejecutada,-0.7871712999999999,-0.82
Ejecutada,-0.7789319399999999,-0.82
Ejecutada,-0.7706925799999998,-0.82
Ejecutada,-0.7625819599999999,-0.82
Ejecutada,-0.7543425999999999,-0.82
Ejecutada,-0.7461032399999998,-0.82
Ejecutada,-0.7378638799999998,-0.82
Ejecutada,-0.7296245199999998,-0.82
Ejecutada,-0.7215138999999998,-0.82
Ejecutada,-0.7132745399999998,-0.82
Ejecutada,-0.7050351799999998,-0.82
Ejecutada,-0.6967958199999997,-0.82
Ejecutada,-0.6886851999999998,-0.82
Ejecutada,-0.6804458399999997,-0.82
Ejecutada,-0.6722064799999997,-0.82
Ejecutada,-0.6639671199999997,-0.82
Ejecutada,-0.6557277599999997,-0.82
Ejecutada,-0.6476171399999997,-0.82
Ejecutada,-0.6393777799999997,-0.82
Ejecutada,-0.6311384199999996,-0.82
Ejecutada,-0.6228990599999996,-0.82
Ejecutada,-0.6146596999999996,-0.82
Ejecutada,-0.6065490799999996,-0.82
Ejecutada,-0.5983097199999996,-0.82
Ejecutada,-0.5900703599999996,-0.82
Ejecutada,-0.5818309999999995,-0.82
Ejecutada,-0.5737203799999996,-0.82
Ejecutada,-0.5654810199999996,-0.82
Ejecutada,-0.5572416599999995,-0.82
Ejecutada,-0.5490022999999995,-0.82
Ejecutada,-0.5407629399999995,-0.82
Ejecutada,-0.5326523199999995,-0.82
Ejecutada,-0.5244129599999995,-0.82
Ejecutada,-0.5161735999999995,-0.82
Ejecutada,-0.5079342399999994,-0.82
Ejecutada,-0.49969487999999945,-0.82
Ejecutada,-0.49158425999999944,-0.82
Ejecutada,-0.4833448999999994,-0.82
Ejecutada,-0.4751055399999994,-0.82
Ejecutada,-0.46686617999999935,-0.82
Ejecutada,-0.45875555999999934,-0.82
Ejecutada,-0.4505161999999994,-0.82
Ejecutada,-0.4422768399999994,-0.82
Ejecutada,-0.43403747999999936,-0.82
Ejecutada,-0.42579811999999934,-0.82
Ejecutada,-0.4176874999999993,-0.82
Ejecutada,-0.4094481399999993,-0.82
Ejecutada,-0.40120877999999927,-0.82
Ejecutada,-0.39296941999999924,-0.82
Ejecutada,-0.3847300599999993,-0.82
Ejecutada,-0.3766194399999993,-0.82
Ejecutada,-0.3683800799999993,-0.82
Ejecutada,-0.36014071999999925,-0.82
Ejecutada,-0.3519013599999992,-0.82
Ejecutada,-0.3436619999999992,-0.82
Ejecutada,-0.3355513799999992,-0.82
Ejecutada,-0.32731201999999915,-0.82
Ejecutada,-0.31907265999999923,-0.82
Ejecutada,-0.3108332999999992,-0.82
Ejecutada,-0.3027226799999992,-0.82
Ejecutada,-0.29448331999999916,-0.82
Ejecutada,-0.28624395999999913,-0.82
Ejecutada,-0.2780045999999991,-0.82
Ejecutada,-0.2697652399999991,-0.82
Ejecutada,-0.26165461999999906,-0.82
Ejecutada,-0.25341525999999903,-0.82
Ejecutada,-0.2451758999999991,-0.82
Ejecutada,-0.23693653999999909,-0.82
Ejecutada,-0.22869717999999908,-0.82
Ejecutada,-0.22058655999999907,-0.82
Ejecutada,-0.21234719999999907,-0.82
Ejecutada,-0.20410783999999907,-0.82
Ejecutada,-0.19586847999999907,-0.82
Ejecutada,-0.18775785999999905,-0.82
Ejecutada,-0.1795184999999991,-0.82
Ejecutada,-0.1712791399999991,-0.82
Ejecutada,-0.16303977999999902,-0.82
Ejecutada,-0.15480041999999908,-0.82
Ejecutada,-0.14668979999999907,-0.82
Ejecutada,-0.13845043999999912,-0.82
Ejecutada,-0.13021107999999904,-0.82
Ejecutada,-0.1219717199999991,-0.82
Ejecutada,-0.11373235999999902,-0.82
Ejecutada,-0.10562173999999902,-0.82
Ejecutada,-0.09738237999999909,-0.82
Ejecutada,-0.089143019999999,-0.82
Ejecutada,-0.08090365999999907,-0.82
Ejecutada,-0.07279303999999907,-0.82
Ejecutada,-0.06455367999999914,-0.82
Ejecutada,-0.05631431999999906,-0.82
Ejecutada,-0.04807495999999912,-0.82
Ejecutada,-0.039835599999999034,-0.82
Ejecutada,-0.03172497999999903,-0.82
Ejecutada,-0.02348561999999909,-0.82
Ejecutada,-0.015246259999999153,-0.82
Ejecutada,-0.00700689999999907,-0.82
Ejecutada,0.0012324600000008668,-0.82
Ejecutada,0.009343080000000871,-0.82
Ejecutada,0.017582440000000955,-0.82
Ejecutada,0.025821800000000894,-0.82
Ejecutada,0.03406116000000098,-0.82
Ejecutada,0.042171780000000984,-0.82
Ejecutada,0.04223595435226798,-0.8199949850811473
Ejecutada,0.04223595435226805,-0.8199949850811473
Ejecutada,0.04223595435226805,-0.8199949850811473
Ejecutada,0.042235954352267985,-0.8199949850811473
Ejecutada,0.042235954352267985,-0.8199949850811473
Ejecutada,0.04798402469411871,-0.8141820556264544
Ejecutada,0.048025520719950046,-0.8141328461076577
Ejecutada,0.048025520719950046,-0.8141328461076577
Ejecutada,0.048025520719950074,-0.8141328461076576
Ejecutada,0.04802552071995006,-0.8141328461076577
Ejecutada,0.04921476179238186,-0.8060448199472313
Ejecutada,0.04921046722390577,-0.8061090465272556
Ejecutada,0.04921046722390576,-0.8061090465272555
Ejecutada,0.04781919734209684,-0.7979879984837102
Ejecutada,0.046427927460287885,-0.7898669504401649
Ejecutada,0.04503665757847893,-0.7817459023966196
Ejecutada,0.04364538769666998,-0.7736248543530743
Ejecutada,0.0422758564067643,-0.7656306976852094
Ejecutada,0.04088458652495535,-0.757509649641664
Ejecutada,0.039493316643146426,-0.7493886015981187
Ejecutada,0.03810204676133747,-0.7412675535545733
Ejecutada,0.038102046761337494,-0.7412675535545734
Ejecutada,0.03547713472007695,-0.7335254415510084
Ejecutada,0.03285222267881637,-0.7257833295474434
Ejecutada,0.030196984763603708,-0.7179835369333275
Ejecutada,0.027572072722343167,-0.7102414249297625
Ejecutada,0.024947160681082593,-0.7024993129261975
Ejecutada,0.022291922765869943,-0.6946995203120816
Ejecutada,0.019636684850657248,-0.6868997276979656
Ejecutada,0.017011772809396686,-0.6791576156944006
Ejecutada,0.014386860768136125,-0.6714155036908356
Ejecutada,0.011731622852923465,-0.6636157110767197
Ejecutada,0.009076384937710806,-0.6558159184626038
Ejecutada,0.006421147022498146,-0.6480161258484879
Ejecutada,0.003796234981237608,-0.6402740138449229
Ejecutada,0.0011713229399770361,-0.6325319018413579
Ejecutada,-0.00148391497523561,-0.624732109227242
Ejecutada,-0.004139152890448304,-0.616932316613126
Ejecutada,-0.004139152890448275,-0.6169323166131261
Ejecutada,-0.004139152890448275,-0.6169323166131261
Ejecutada,-0.004139152890448324,-0.6169323166131261
Ejecutada,-0.004089480884765726,-0.6169732578973203
Ejecutada,-0.004089480884765726,-0.6169732578973203
Ejecutada,-0.004089480884765726,-0.6169732578973203
Ejecutada,-0.004089480884765726,-0.6169732578973203
Ejecutada,-0.004089480884765726,-0.6169732578973203
Ejecutada,-0.01232676641385562,-0.61715813710612
Ejecutada,-0.01232676641385562,-0.61715813710612
Ejecutada,-0.01232676641385562,-0.61715813710612
Ejecutada,-0.02003220267525602,-0.6198888354639757
Ejecutada,-0.02779489880782515,-0.6226506468194085
Ejecutada,-0.03550033506922549,-0.6253813451772641
Ejecutada,-0.04326984501193254,-0.6281239294439324
Ejecutada,-0.05103935495463959,-0.6308665137106007
Ejecutada,-0.058744791216040065,-0.6335972120684563
Ejecutada,-0.06645022747744046,-0.636327910426312
Ejecutada,-0.07421973742014751,-0.6390704946929803
Ejecutada,-0.08198924736285455,-0.6418130789596486
Ejecutada,-0.08969468362425495,-0.6445437773175042
Ejecutada,-0.09745737975682395,-0.647305588672937
Ejecutada,-0.10516281601822441,-0.6500362870307926
Ejecutada,-0.11293232596093146,-0.6527788712974609
Ejecutada,-0.1207018359036385,-0.6555214555641292
Ejecutada,-0.12840727216503897,-0.6582521539219849
Ejecutada,-0.13611270842643938,-0.6609828522798405
Ejecutada,-0.1438822183691465,-0.6637254365465088
Ejecutada,-0.15165172831185342,-0.6664680208131771
Ejecutada,-0.15942123825456048,-0.6692106050798454
Ejecutada,-0.16712667451596094,-0.6719413034377011
Ejecutada,-0.1748321107773614,-0.6746720017955568
Ejecutada,-0.18260162072006833,-0.677414586062225
Ejecutada,-0.1903070569814688,-0.6801452844200807
Ejecutada,-0.19806975311403793,-0.6829070957755136
Ejecutada,-0.20583244924660699,-0.6856689071309464
Ejecutada,-0.21347385325210463,-0.6883875651839506
Ejecutada,-0.22123654938467355,-0.6911493765393834
Ejecutada,-0.22893520145904087,-0.6938991433909438
Ejecutada,-0.23669103620056825,-0.6966801649068114
Ejecutada,-0.24438968827493548,-0.6994299317583718
Ejecutada,-0.25208834034930266,-0.7021796986099321
Ejecutada,-0.2598441750908301,-0.7049607201257996
Ejecutada,-0.2675359957898141,-0.707729538616561
Ejecutada,-0.27522093796693703,-0.7105173917752438
Ejecutada,-0.28290588014405993,-0.7133052449339266
Ejecutada,-0.2905908223211827,-0.7160930980926092
Ejecutada,-0.2983327917064324,-0.7189124886734719
Ejecutada,-0.306010808257378,-0.7217193594121248
Ejecutada,-0.31374577376237833,-0.7245579086623674
Ejecutada,-0.3213598804313632,-0.7273521055805748
Ejecutada,-0.3290309242942653,-0.7301779766946799
Ejecutada,-0.33675883850808586,-0.7330356672156131
Ejecutada,-0.3444228626638167,-0.7358805213841905
Ejecutada,-0.35202304047570104,-0.7387123854367433
Ejecutada,-0.35974385603063125,-0.7415891997123526
Ejecutada,-0.35974385603063125,-0.7415891997123526
Ejecutada,-0.35974385603063125,-0.7415891997123526
Ejecutada,-0.35974385603063125,-0.7415891997123526
Ejecutada,-0.35968072684872954,-0.741601777601381
Ejecutada,-0.3597411358194385,-0.741579545796284
Ejecutada,-0.3597411358194385,-0.741579545796284
Ejecutada,-0.3597411358194385,-0.741579545796284
Ejecutada,-0.3597411358194385,-0.741579545796284
Ejecutada,-0.36477648286639414,-0.735139379523833
Ejecutada,-0.36477648286639414,-0.735139379523833
Ejecutada,-0.3647764828663941,-0.7351393795238331
Ejecutada,-0.3675664886911911,-0.7273867721748698
Ejecutada,-0.37035649451598807,-0.7196341648259065
Ejecutada,-0.373134223155009,-0.7119455573376768
Ejecutada,-0.3759434140763581,-0.7041998811517645
Ejecutada,-0.37872114271537904,-0.6965112736635348
Ejecutada,-0.38151114854017604,-0.6887586663145715
Ejecutada,-0.384288877179197,-0.6810700588263418
Ejecutada,-0.38709806810054614,-0.6733243826404295
Ejecutada,-0.38990725902189527,-0.6655787064545172
Ejecutada,-0.39268498766091625,-0.6578900989662875
Ejecutada,-0.39547499348571324,-0.6501374916173241
Ejecutada,-0.39825272212473417,-0.6424488841290945
Ejecutada,-0.4010619130460833,-0.6347032079431822
Ejecutada,-0.4038396416851043,-0.6270146004549525
Ejecutada,-0.40662964750990127,-0.6192619931059892
Ejecutada,-0.40941965333469826,-0.6115093857570258
Ejecutada,-0.4121973819737192,-0.6038207782687962
Ejecutada,-0.4150065728950683,-0.596075102082884
Ejecutada,-0.4177843015340893,-0.5883864945946542
Ejecutada,-0.4205743073588863,-0.5806338872456909
Ejecutada,-0.4233520359979072,-0.5729452797574612
Ejecutada,-0.42616122691925634,-0.565199603571549
Ejecutada,-0.4289704178406055,-0.5574539273856366
Ejecutada,-0.4317481464796265,-0.5497653198974068
Ejecutada,-0.4345381523044235,-0.5420127125484435
Ejecutada,-0.4373158809434444,-0.5343241050602139
Ejecutada,-0.44012507186479355,-0.5265784288743016
Ejecutada,-0.4401250718647936,-0.5265784288743015
Ejecutada,-0.4401250718647936,-0.5265784288743016
Ejecutada,-0.4401250718647936,-0.5265784288743016
Ejecutada,-0.44012507186479355,-0.5265784288743015
Ejecutada,-0.4401250718647936,-0.5265784288743016
Ejecutada,-0.4401250718647936,-0.5265784288743016
Ejecutada,-0.4401250718647936,-0.5265784288743016
Ejecutada,-0.4401250718647936,-0.5265784288743016
Ejecutada,-0.4401250718647935,-0.5265784288743015
Ejecutada,-0.4401839859101348,-0.5266043640273095
Ejecutada,-0.4323431327237006,-0.5238706937432981
Ejecutada,-0.432405400993725,-0.5238870081371935
Ejecutada,-0.432405400993725,-0.5238870081371935
Ejecutada,-0.424167657024333,-0.5237238287746961
Ejecutada,-0.4159940762729116,-0.5235720420819532
Ejecutada,-0.40775595355582556,-0.5234292579517698
Ejecutada,-0.39951783083873965,-0.5232864738215863
Ejecutada,-0.3913442500873184,-0.5231346871288434
Ejecutada,-0.38310650611792624,-0.522971507766346
Ejecutada,-0.3749329253665048,-0.5228197210736031
Ejecutada,-0.3666948026494188,-0.5226769369434197
Ejecutada,-0.3585212218979975,-0.5225251502506768
Ejecutada,-0.35028347792860554,-0.5223619708881795
Ejecutada,-0.3421098971771841,-0.5222101841954365
Ejecutada,-0.3338717744600981,-0.5220674000652531
Ejecutada,-0.3256336517430122,-0.5219246159350697
Ejecutada,-0.3174600709915909,-0.5217728292423267
Ejecutada,-0.30922232702219876,-0.5216096498798294
Ejecutada,-0.3010487462707773,-0.5214578631870864
Ejecutada,-0.2928106235536913,-0.521315079056903
Ejecutada,-0.28457250083660557,-0.5211722949267196
Ejecutada,-0.27639892008518413,-0.5210205082339766
Ejecutada,-0.268161176115792,-0.5208573288714793
Ejecutada,-0.25998759536437055,-0.5207055421787363
Ejecutada,-0.2517494726472848,-0.5205627580485529
Ejecutada,-0.24357589189586337,-0.5204109713558099
Ejecutada,-0.23533814792647126,-0.5202477919933126
Ejecutada,-0.22716456717504982,-0.5200960053005697
Ejecutada,-0.21892644445796378,-0.5199532211703862
Ejecutada,-0.21068832174087804,-0.5198104370402028
Ejecutada,-0.2025147409894566,-0.5196586503474598
Ejecutada,-0.19427699702006448,-0.5194954709849625
Ejecutada,-0.18610341626864305,-0.5193436842922196
Ejecutada,-0.1778652935515573,-0.5192009001620361
Ejecutada,-0.16962717083447126,-0.5190581160318527
Ejecutada,-0.16145359008304982,-0.5189063293391097
Ejecutada,-0.1532158461136577,-0.5187431499766124
Ejecutada,-0.14504226536223644,-0.5185913632838695
Ejecutada,-0.13680414264515053,-0.518448579153686
Ejecutada,-0.1286305618937291,-0.5182967924609431
Ejecutada,-0.12039281792433697,-0.5181336130984457
Ejecutada,-0.11221923717291554,-0.5179818264057028
Ejecutada,-0.10398111445582979,-0.5178390422755194
Ejecutada,-0.09574299173874375,-0.5176962581453359
Ejecutada,-0.08756941098732232,-0.517544471452593
Ejecutada,-0.0793316670179302,-0.5173812920900956
Ejecutada,-0.07115808626650891,-0.5172295053973527
Ejecutada,-0.06291996354942302,-0.5170867212671693
Ejecutada,-0.06291996354942288,-0.5170867212671693
Ejecutada,-0.06291996354942302,-0.5170867212671693
Ejecutada,-0.06291996354942302,-0.5170867212671693
Ejecutada,-0.05566051620650129,-0.5131896098388229
Ejecutada,-0.05566051620650141,-0.513189609838823
Ejecutada,-0.0556605162065013,-0.5131896098388229
Ejecutada,-0.0556605162065013,-0.5131896098388229
Ejecutada,-0.05566051620650137,-0.513189609838823
Ejecutada,-0.05566051620650132,-0.5131896098388229
Ejecutada,-0.053345508710771074,-0.50534925258964
Ejecutada,-0.051030501215040824,-0.4975088953404572
Ejecutada,-0.05103050121504085,-0.4975088953404574
Ejecutada,-0.04998345713603486,-0.48933633442565105
Ejecutada,-0.04998345713603486,-0.48933633442565105
Ejecutada,-0.05022694165628079,-0.48116497121083196
Ejecutada,-0.050462148339963285,-0.4729289690844631
Ejecutada,-0.05069735502364575,-0.46469296695809437
Ejecutada,-0.05094083954389167,-0.4565216037432751
Ejecutada,-0.05118432406413759,-0.44835024052845585
Ejecutada,-0.051419530747820054,-0.44011423840208713
Ejecutada,-0.05165473743150255,-0.43187823627571825
Ejecutada,-0.051889944115185015,-0.42364223414934954
Ejecutada,-0.05213342863543093,-0.4154708709345303
Ejecutada,-0.052376913155676864,-0.4072995077197112
Ejecutada,-0.05261211983935936,-0.3990635055933423
Ejecutada,-0.052847326523041825,-0.3908275034669736
Ejecutada,-0.05308253320672427,-0.3825915013406047
Ejecutada,-0.05332601772697019,-0.37442013812578545
Ejecutada,-0.05356950224721612,-0.36624877491096636
Ejecutada,-0.053804708930898615,-0.3580127727845975
Ejecutada,-0.05403991561458108,-0.34977677065822876
Ejecutada,-0.054283400134827,-0.3416054074434095
Ejecutada,-0.05452688465507293,-0.3334340442285904
Ejecutada,-0.054762091338755425,-0.32519804210222153
Ejecutada,-0.05499729802243789,-0.3169620399758528
Ejecutada,-0.05523250470612034,-0.30872603784948394
Ejecutada,-0.055475989226366255,-0.3005546746346647
Ejecutada,-0.05547598922636624,-0.30055467463466484
Ejecutada,-0.05700575898398357,-0.2925240914684944
Ejecutada,-0.058537553783580075,-0.28442837297650553
Ejecutada,-0.06006934858317657,-0.2763326544845168
Ejecutada,-0.0615991183407939,-0.26830207131834655
Ejecutada,-0.06312888809841123,-0.2602714881521761
Ejecutada,-0.06466068289800773,-0.25217576966018723
Ejecutada,-0.06619247769760422,-0.2440800511681985
Ejecutada,-0.06772427249720071,-0.23598433267620977
Ejecutada,-0.0692321330030535,-0.2280151097856583
Ejecutada,-0.07076392780265,-0.21991939129366944
Ejecutada,-0.07229572260224651,-0.21182367280168057
Ejecutada,-0.073827517401843,-0.20372795430969184
Ejecutada,-0.07535931220143949,-0.19563223581770312
Ejecutada,-0.07686717270729228,-0.18766301292715165
Ejecutada,-0.07839896750688878,-0.17956729443516278
Ejecutada,-0.07839896750688874,-0.17956729443516292
Ejecutada,-0.0783989675068888,-0.17956729443516278
Ejecutada,-0.0783989675068888,-0.17956729443516278
Ejecutada,-0.0783989675068887,-0.1795672944351629
Ejecutada,-0.0843874124400952,-0.1740023156587385
Ejecutada,-0.0843874124400952,-0.1740023156587385
Ejecutada,-0.08438741244009533,-0.17400231565873842
Ejecutada,-0.08438741244009519,-0.17400231565873847
Ejecutada,-0.08438741244009533,-0.17400231565873844
Ejecutada,-0.09250843791144642,-0.17306454874006127
Ejecutada,-0.10069223220662395,-0.172109266507515
Ejecutada,-0.10069223220662409,-0.172109266507515
Ejecutada,-0.10892424060533333,-0.17245724773284093
Ejecutada,-0.11709235757568898,-0.17279239942787827
Ejecutada,-0.12526047454604478,-0.17312755112291564
Ejecutada,-0.13349248294475416,-0.1734755323482416
Ejecutada,-0.1417244913434634,-0.1738235135735675
Ejecutada,-0.14995649974217265,-0.17417149479889343
Ejecutada,-0.15805988300965212,-0.17451403881757366
Ejecutada,-0.1662918914083615,-0.1748620200428996
Ejecutada,-0.1745238998070709,-0.17521000126822556
Ejecutada,-0.18275590820578014,-0.17555798249355148
Ejecutada,-0.1909240251761358,-0.1758931341885888
Ejecutada,-0.1990921421464916,-0.17622828588362613
Ejecutada,-0.20732415054520098,-0.17657626710895208
Ejecutada,-0.21555615894391036,-0.17692424833427803
Ejecutada,-0.22378816734261947,-0.17727222955960395
Ejecutada,-0.2319562843129754,-0.17760738125464132
Ejecutada,-0.24012440128333107,-0.17794253294967868
Ejecutada,-0.2483564096820403,-0.1782905141750046
Ejecutada,-0.25658841808074984,-0.17863849540033053
Ejecutada,-0.2648204264794589,-0.17898647662565645
Ejecutada,-0.27292380974693825,-0.17932902064433665
Ejecutada,-0.2811558181456478,-0.17967700186966257
Ejecutada,-0.289387826544357,-0.1800249830949885
Ejecutada,-0.29761983494306643,-0.18037296432031444
Ejecutada,-0.3058518433417757,-0.1807209455456404
Ejecutada,-0.313955226609255,-0.18106348956432058
Ejecutada,-0.32218723500796453,-0.1814114707896465
Ejecutada,-0.3304192434066738,-0.18175945201497243
Ejecutada,-0.3386512518053829,-0.1821074332402983
Ejecutada,-0.3468193687757389,-0.18244258493533563
Ejecutada,-0.34675504577481914,-0.18244504429555403
Ejecutada,-0.3468182059031667,-0.18243262273819974
Ejecutada,-0.3468182059031668,-0.18243262273819968
Ejecutada,-0.3468182059031668,-0.18243262273819968
Ejecutada,-0.3468182059031667,-0.18243262273819977
Ejecutada,-0.3468182059031668,-0.18243262273819966
Ejecutada,-0.3468182059031668,-0.18243262273819966
Ejecutada,-0.34681820590316675,-0.1824326227381998
Ejecutada,-0.34962739682451593,-0.1746869465522874
Ejecutada,-0.34962739682451593,-0.1746869465522874
Ejecutada,-0.34962739682451593,-0.1746869465522874
Ejecutada,-0.34987088134476185,-0.16651558333746813
Ejecutada,-0.35011436586500777,-0.15834422012264887
Ejecutada,-0.3503699622476675,-0.15010882555415533
Ejecutada,-0.3506255586303272,-0.1418734309856621
Ejecutada,-0.3508811550129869,-0.13363803641716857
Ejecutada,-0.3511327577021675,-0.12553131988880784
Ejecutada,-0.3513883540848272,-0.11729592532031431
Ejecutada,-0.3516439504674869,-0.10906053075182079
Ejecutada,-0.3518995468501466,-0.10082513618332756
Ejecutada,-0.35214303137039255,-0.0926537729685083
Ejecutada,-0.35213985046243856,-0.0925894816104219
Ejecutada,-0.35213985046243856,-0.0925894816104219
Ejecutada,-0.35216275865535057,-0.09264963733830804
Ejecutada,-0.35216275865535057,-0.09264963733830804
Ejecutada,-0.35216275865535057,-0.09264963733830804
Ejecutada,-0.35216275865535057,-0.09264963733830804
Ejecutada,-0.3521627586553508,-0.0926496373383082
Ejecutada,-0.3521627586553505,-0.09264963733830808
Ejecutada,-0.3521627586553505,-0.09264963733830808
Ejecutada,-0.34405395516130954,-0.09118869274503111
Ejecutada,-0.34405395516130927,-0.09118869274503108
Ejecutada,-0.34405395516130927,-0.09118869274503108
Ejecutada,-0.335958813557045,-0.09232849268669197
Ejecutada,-0.327863671952781,-0.09346829262835277
Ejecutada,-0.327863671952781,-0.09346829262835277
Ejecutada,-0.31998526405023814,-0.0958802922408635
Ejecutada,-0.3121068561476953,-0.09829229185337424
Ejecutada,-0.31210685614769557,-0.09829229185337413
Ejecutada,-0.3047077220979338,-0.1019171875102534
Ejecutada,-0.29742419951770016,-0.10548544417249364
Ejecutada,-0.2900250654679384,-0.10911033982937292
Ejecutada,-0.28274154288770476,-0.11267859649161316
Ejecutada,-0.27534240883794325,-0.11630349214849235
Ejecutada,-0.26794327478818175,-0.11992838780537154
Ejecutada,-0.2605441407384205,-0.12355328346225056
Ejecutada,-0.253145006688659,-0.12717817911912974
Ejecutada,-0.24586148410842512,-0.13074643578137016
Ejecutada,-0.23846235005866387,-0.13437133143824917
Ejecutada,-0.23106321600890212,-0.13799622709512843
Ejecutada,-0.22366408195914086,-0.14162112275200744
Ejecutada,-0.2162649479093794,-0.14524601840888662
Ejecutada,-0.2089814253291455,-0.14881427507112704
Ejecutada,-0.20158229127938423,-0.15243917072800606
Ejecutada,-0.20158229127938398,-0.1524391707280062
Ejecutada,-0.20158229127938398,-0.1524391707280062
Ejecutada,-0.20158229127938418,-0.15243917072800597
